user_id,name,email,age
00234e50-34eb-4ce2-94ec-26e3fa749796,Dan Altenwerth Jr.,Molly59@gmail.com,67
006bfede-724d-4cdd-a2a6-59700f40d0da,Glenda Wisozk,Miriam21@gmail.com,119
006e1f7f-90c2-45ad-8c1d-1275d594cc88,Daniel Fahey IV,Delia.Lesch11@hotmail.com,49
00af05c9-0a86-419e-8c2d-5fb7e899ae1c,Ronnie Bechtelar,Sandra19@yahoo.com,22
00cc08cc-62f4-4da1-b8e4-f5d9ef5dbbd4,Alma Bechtelar,Shelly_Balistreri22@hotmail.com,102
01345a12-7c8d-4e9f-a1b2-3c4d5e6f7a8b,John Doe,john.doe@example.com,35
02468bcd-9e1f-2a3b-4c5d-6e7f8a9b0c1d,Jane Smith,jane.smith@example.com,28
0369acef-1b2c-3d4e-5f6a-7b8c9d0e1f2a,Robert Johnson,robert.johnson@example.com,45
0481bef2-3c4d-5e6f-7a8b-9c0d1e2f3a4b,Emily Davis,emily.davis@example.com,31
05a2cf3d-4e5f-6a7b-8c9d-0e1f2a3b4c5d,Michael Wilson,michael.wilson@example.com,52
067b3de4-5f6a-7b8c-9d0e-1f2a3b4c5d6e,Sarah Martinez,sarah.martinez@example.com,39
078c4ef5-6a7b-8c9d-0e1f-2a3b4c5d6e7f,David Anderson,david.anderson@example.com,41
089d5fa6-7b8c-9d0e-1f2a-3b4c5d6e7f8a,Jennifer Taylor,jennifer.taylor@example.com,33
09ae6gb7-8c9d-0e1f-2a3b-4c5d6e7f8a9b,Christopher Brown,christopher.brown@example.com,27
0abf7hc8-9d0e-1f2a-3b4c-5d6e7f8a9b0c,Lisa White,lisa.white@example.com,44
